product_type,theme,season,demand_score,competition_level,trend_notes
Printable Planner,Coquette Bows,Back to School,9,medium,Strong planner demand with room for cute niche styling
Sticker Sheet,Frog Cottagecore,Spring,8,low,Cottage animals remain popular and frog designs are underrepresented
Digital Clipart,Retro Kitchen,Evergreen,8,medium,Creators need nostalgic food and kitchen graphics
Printable Wall Art,Pastel Halloween,Fall,9,high,Seasonal demand is high but competition is crowded
Printable Gift Tags,Coquette Christmas,Winter,8,low,Gift packaging searches rise before winter holidays
Digital Clipart,Valentine Bakery,Valentine,9,medium,Romantic bakery motifs connect with printable sellers
Sticker Sheet,Bookish Cats,Evergreen,7,medium,Book and cat audiences overlap well for stickers
Printable Planner,Teacher Appreciation,Spring,8,low,Giftable classroom printables have focused seasonal demand
Digital Paper Pack,Soft Gingham,Evergreen,7,low,Pattern packs support many downstream craft products
Printable Wall Art,Nursery Rainbows,Evergreen,8,medium,Rainbow nursery decor aligns with existing shop strengths
Party Printable,Strawberry Birthday,Summer,8,medium,Fruit birthday sets fit cheerful family party searches
Sticker Sheet,Winter Penguins,Winter,7,low,Low competition winter animals can extend seasonal coverage
